IP,Categories,ReportDate,Comment
147.28.156.78,"15,18,20",2023-02-14T11:55:00-07:00,RDP (TCP3389) Attack using a rainbow table
92.255.85.186,"15,18,20",2023-02-14T11:55:00-07:00,RDP (TCP3389) Attack using a rainbow table
185.36.201.84,"15,18,20",2023-02-14T11:55:00-07:00,RDP (TCP3389) Attack using a rainbow table
76.185.85.177,"15,18,20",2023-02-14T11:55:00-07:00,RDP (TCP3389) Attack using a rainbow table
109.127.8.178,"15,18,20",2023-02-14T11:55:00-07:00,RDP (TCP3389) Attack using a rainbow table
87.251.75.64,"15,18,20",2023-02-14T11:55:00-07:00,RDP (TCP3389) Attack using a rainbow table
82.255.85.195,"15,18,20",2023-02-14T11:55:00-07:00,RDP (TCP3389) Attack using a rainbow table
80.69.56.151,"15,18,20",2023-02-14T11:55:00-07:00,RDP (TCP3389) Attack using a rainbow table
95.86.164.175,"15,18,20",2023-02-14T11:55:00-07:00,RDP (TCP3389) Attack using a rainbow table
94.232.47.32,"15,18,20",2023-02-14T11:55:00-07:00,RDP (TCP3389) Attack using a rainbow table
81.17.93.102,"15,18,20",2023-02-14T11:55:00-07:00,RDP (TCP3389) Attack using a rainbow table
37.32.7.74,"15,18,20",2023-02-14T11:55:00-07:00,RDP (TCP3389) Attack using a rainbow table
14.167.155.55,"15,18,20",2023-02-14T11:55:00-07:00,RDP (TCP3389) Attack using a rainbow table
187.214.218.45,"15,18,20",2023-02-14T11:55:00-07:00,RDP (TCP3389) Attack using a rainbow table
87.251.75.120,"15,18,20",2023-02-14T11:55:00-07:00,RDP (TCP3389) Attack using a rainbow table
185.177.27.253,"15,18,20",2023-02-14T11:55:00-07:00,RDP (TCP3389) Attack using a rainbow table
185.177.27.240,"15,18,20",2023-02-14T11:55:00-07:00,RDP (TCP3389) Attack using a rainbow table
185.177.27.100,"15,18,20",2023-02-14T11:55:00-07:00,RDP (TCP3389) Attack using a rainbow table
185.177.27.249,"15,18,20",2023-02-14T11:55:00-07:00,RDP (TCP3389) Attack using a rainbow table
181.214.206.156,"15,18,20",2023-02-14T11:55:00-07:00,RDP (TCP3389) Attack using a rainbow table
181.214.206.71,"15,18,20",2023-02-14T11:55:00-07:00,RDP (TCP3389) Attack using a rainbow table
181.214.218.45,"15,18,20",2023-02-14T11:55:00-07:00,RDP (TCP3389) Attack using a rainbow table
188.121.106.3,"15,18,20",2023-02-14T11:55:00-07:00,RDP (TCP3389) Attack using a rainbow table
152.32.131.254,"15,18,20",2023-02-14T11:55:00-07:00,RDP (TCP3389) Attack using a rainbow table
185.170.144.3,"15,18,20",2023-02-14T11:55:00-07:00,RDP (TCP3389) Attack using a rainbow table
213.226.123.35,"15,18,20",2023-02-14T11:55:00-07:00,RDP (TCP3389) Attack using a rainbow table
